Rank,Player,From,To,G,MP,PTS,TRB,AST,STL,BLK,FG%,3P%,FT%,WS,WS/48,-9999
1,Michael Jordan,1985,2003,1072,38.3,30.1,6.2,5.3,2.3,0.8,.497,.327,.835,214.0,.250,jordami01
2,Wilt Chamberlain,1960,1973,1045,45.8,30.1,22.9,4.4,,,.540,,.511,247.3,.248,chambwi01
3,Bill Russell,1957,1969,963,42.3,15.1,22.5,4.3,,,.440,,.561,163.5,.193,russebi01
4,Shaquille O'Neal,1993,2011,1207,34.7,23.7,10.9,2.5,0.6,2.3,.582,.045,.527,181.7,.208,onealsh01
5,Oscar Robertson,1961,1974,1040,42.2,25.7,7.5,9.5,1.1,0.1,.485,,.838,189.2,.207,roberos01
6,Magic Johnson,1980,1996,906,36.7,19.5,7.2,11.2,1.9,0.4,.520,.303,.848,155.8,.225,johnsma02
7,Kareem Abdul-Jabbar,1970,1989,1560,36.8,24.6,11.2,3.6,0.9,2.6,.559,.056,.721,273.4,.228,abdulka01
8,Tim Duncan,1998,2016,1392,34.0,19.0,10.8,3.0,0.7,2.2,.506,.179,.696,206.4,.209,duncati01
9,Larry Bird,1980,1992,897,38.4,24.3,10.0,6.3,1.7,0.8,.496,.376,.886,145.8,.203,birdla01
10,Kobe Bryant,1997,2016,1346,36.1,25.0,5.2,4.7,1.4,0.5,.447,.329,.837,172.7,.170,bryanko01
11,Jerry West,1961,1974,932,39.2,27.0,5.8,6.7,2.6,0.7,.474,,.814,162.6,.213,westje01
12,Elgin Baylor,1959,1972,846,40.0,27.4,13.5,4.3,,,.431,,.780,104.2,.148,bayloel01
13,Hakeem Olajuwon,1985,2002,1238,35.7,21.8,11.1,2.5,1.7,3.1,.512,.202,.712,162.8,.177,olajuha01
14,Bob Pettit,1955,1965,792,38.8,26.4,16.2,3.0,,,.436,,.761,136.0,.213,pettibo01
15,Moses Malone,1977,1995,1329,33.9,20.6,12.2,1.4,0.8,1.3,.491,.100,.769,167.1,.178,malonmo01
16,Julius Erving,1977,1987,836,34.3,22.0,6.7,3.9,1.8,1.5,.507,.261,.777,106.2,.178,ervinju01
17,John Havlicek,1963,1978,1270,36.6,20.8,6.3,4.8,1.2,0.3,.439,,.815,131.7,.136,havlijo01
18,Karl Malone,1986,2004,1476,37.2,25.0,10.1,3.6,1.4,0.8,.516,.274,.742,234.6,.205,malonka01
19,Isiah Thomas,1982,1994,979,36.3,19.2,3.6,9.3,1.9,0.3,.452,.290,.759,80.7,.109,thomais01
20,Charles Barkley,1985,2000,1073,36.7,22.1,11.7,3.9,1.5,0.8,.541,.266,.735,177.2,.216,barklch01
21,Rick Barry,1966,1980,794,36.3,23.2,6.5,5.1,2.0,0.5,.449,.330,.900,93.4,.156,barryri01
22,John Stockton,1985,2003,1504,31.8,13.1,2.7,10.5,2.2,0.2,.515,.384,.826,207.7,.209,stockjo01
23,Elvin Hayes,1969,1984,1303,38.4,21.0,12.5,1.8,1.0,2.0,.452,.147,.670,120.8,.116,hayesel01
24,Bob Cousy,1951,1970,924,35.3,18.4,5.2,7.5,,,.375,,.803,91.1,.139,cousybo01
25,David Robinson,1990,2003,987,34.7,21.1,10.6,2.5,1.4,3.0,.518,.250,.736,178.7,.250,robinda01
26,Kevin McHale,1981,1993,971,31.0,17.9,7.3,1.7,0.4,1.7,.554,.261,.798,113.0,.180,mchalke01
27,Scottie Pippen,1988,2004,1178,34.9,16.1,6.4,5.2,2.0,0.8,.473,.326,.704,125.1,.146,pippesc01
28,Jason Kidd,1995,2013,1391,36.0,12.6,6.3,8.7,1.9,0.3,.400,.349,.785,138.6,.133,kiddja01
29,George Mikan,1949,1956,439,34.4,23.1,13.4,2.8,,,.404,,.782,108.7,.249,mikange01
30,Kevin Garnett,1996,2016,1462,34.5,17.8,10.0,3.7,1.3,1.4,.497,.275,.789,191.4,.182,garneke01
31,LeBron James,2004,2023,1397,38.1,27.2,7.5,7.3,1.6,0.8,.505,.344,.735,252.7,.228,jamesle01
32,Willis Reed,1965,1974,650,35.5,18.7,12.9,1.8,0.6,1.1,.476,,.747,74.9,.156,reedwi01
33,Wes Unseld,1969,1981,984,36.4,10.8,14.0,3.9,1.1,0.6,.509,.500,.633,110.1,.147,unselwe01
34,Nate Thurmond,1964,1977,964,37.2,15.0,15.0,2.7,0.5,2.1,.421,,.667,78.0,.104,thurmna01
35,Dolph Schayes,1950,1964,996,34.4,18.5,12.1,3.1,,,.380,,.849,142.4,.192,schaydo01
36,Walt Frazier,1968,1980,825,37.5,18.9,5.9,6.1,1.9,0.2,.490,.000,.786,113.5,.176,fraziwa01
37,Patrick Ewing,1986,2002,1183,34.3,21.0,9.8,1.9,1.0,2.4,.504,.152,.740,126.4,.150,ewingpa01
38,Jerry Lucas,1964,1974,829,38.8,17.0,15.6,3.3,0.4,0.3,.499,,.783,98.4,.147,lucasje01
39,Gary Payton,1991,2007,1335,35.3,16.3,3.9,6.7,1.8,0.2,.466,.317,.729,145.5,.148,paytoga01
40,Allen Iverson,1997,2010,914,41.1,26.7,3.7,6.2,2.2,0.2,.425,.313,.780,99.0,.126,iversal01
41,Billy Cunningham,1966,1976,654,34.3,20.8,10.1,4.0,1.2,0.5,.446,,.720,63.2,.135,cunnibi01
42,Clyde Drexler,1984,1998,1086,34.6,20.4,6.1,5.6,2.0,0.7,.472,.318,.788,135.6,.173,drexlcl01
43,Dominique Wilkins,1983,1999,1074,35.5,24.8,6.7,2.5,1.3,0.6,.461,.319,.811,117.5,.148,wilkido01
44,Dave Cowens,1971,1983,766,38.6,17.6,13.6,3.8,1.1,0.9,.460,.071,.783,86.3,.140,cowenda01
45,George Gervin,1977,1986,791,33.5,26.2,4.6,2.8,1.2,0.8,.511,.297,.844,88.1,.159,gervige01
46,Bob McAdoo,1973,1986,852,33.2,22.1,9.4,2.3,1.0,1.5,.503,.081,.754,89.1,.151,mcadobo01
47,Earl Monroe,1968,1980,926,32.0,18.8,3.0,3.9,1.0,0.3,.464,,.807,77.4,.125,monroea01
48,Dennis Rodman,1987,2000,911,31.7,7.3,13.1,1.8,0.7,0.6,.521,.231,.584,89.8,.150,rodmade01
49,Dwyane Wade,2004,2019,1054,33.9,22.0,4.7,5.4,1.5,0.8,.480,.293,.765,120.7,.162,wadedw01
50,Steve Nash,1997,2014,1217,31.3,14.3,3.0,8.5,0.7,0.1,.490,.428,.904,129.7,.164,nashst01
51,Walt Bellamy,1962,1975,1043,37.3,20.1,13.7,2.4,0.7,0.6,.516,,.632,130.0,.160,bellawa01
52,Tiny Archibald,1971,1984,876,35.6,18.8,2.3,7.4,1.1,0.1,.467,.224,.810,83.4,.128,architi01
53,Dennis Johnson,1977,1990,1100,32.7,14.1,3.9,5.0,1.3,0.6,.445,.172,.797,82.6,.110,johnsde01
54,Reggie Miller,1988,2005,1389,34.3,18.2,3.0,3.0,1.1,0.2,.471,.395,.888,174.4,.176,millere01
55,Dirk Nowitzki,1999,2019,1522,33.8,20.7,7.5,2.4,0.8,0.8,.471,.380,.879,206.3,.193,nowitdi01
56,Connie Hawkins,1970,1976,499,34.5,16.5,8.0,4.1,1.2,0.8,.467,,.785,47.5,.132,hawkico01
57,Dave Bing,1967,1978,901,36.4,20.3,3.8,6.0,1.3,0.2,.441,,.775,68.8,.101,bingda01
58,James Worthy,1983,1994,926,32.4,17.6,5.1,3.0,1.1,0.7,.521,.241,.769,81.2,.130,worthja01
59,Hal Greer,1959,1973,1122,35.5,19.2,5.0,4.0,,,.452,,.801,102.7,.124,greerha01
60,Pete Maravich,1971,1980,658,37.0,24.2,4.2,5.4,1.4,0.3,.441,.667,.820,46.7,.092,maravpe01
61,Jack Twyman,1956,1966,823,31.8,19.2,6.6,2.3,,,.450,,.778,75.0,.138,twymaja01
62,Bob Lanier,1971,1984,959,33.5,20.1,10.1,3.1,1.1,1.5,.514,.154,.767,117.1,.175,laniebo01
63,David Thompson,1977,1984,509,32.0,22.1,3.8,3.2,0.9,0.8,.504,.277,.778,50.8,.150,thompda01
64,Joe Fulks,1947,1954,489,23.4,16.4,5.3,1.2,,,.302,,.766,29.2,-0.045,fulksjo01
65,Sam Jones,1958,1969,871,27.9,17.7,4.9,2.5,,,.456,,.803,92.3,.182,jonessa01
66,Gus Johnson,1964,1973,581,34.7,17.1,12.7,2.7,,,.440,,.699,35.8,.085,johnsgu01
67,Robert Parish,1977,1997,1611,28.4,14.5,9.1,1.4,0.8,1.5,.537,.000,.721,147.0,.154,parisro01
68,Tom Heinsohn,1957,1965,654,29.4,18.6,8.8,2.0,,,.405,,.790,60.0,.150,heinsto01
69,Bernard King,1978,1993,874,33.7,22.5,5.8,3.3,1.0,0.3,.518,.172,.730,75.4,.123,kingbe01
70,Bill Sharman,1951,1961,711,32.0,17.8,3.9,3.0,,,.426,,.883,82.8,.178,sharmbi01
71,Paul Arizin,1951,1962,713,38.4,22.8,8.6,2.3,,,.421,,.810,108.8,.183,arizipa01
72,Lenny Wilkens,1961,1975,1077,35.3,16.5,4.7,6.7,1.3,0.2,.432,,.774,95.5,.120,wilkele01
73,Alonzo Mourning,1993,2008,838,31.0,17.1,8.5,1.1,0.5,2.8,.527,.247,.692,89.7,.166,mournal01
74,Bill Walton,1975,1987,468,28.3,13.3,10.5,3.4,0.8,2.2,.521,.000,.660,39.3,.142,waltobi01
75,Neil Johnston,1952,1959,516,35.5,19.4,11.3,2.5,,,.444,,.768,92.0,.241,johnsne01
76,Dave DeBusschere,1963,1974,875,35.7,16.1,11.0,2.9,0.9,0.5,.432,,.699,60.8,.093,debusda01
77,Paul Pierce,1999,2017,1343,34.2,19.7,5.6,3.5,1.3,0.6,.445,.368,.806,150.0,.157,piercpa01
78,Joe Dumars,1986,1999,1018,34.5,16.1,2.2,4.5,0.9,0.1,.460,.382,.843,86.2,.118,dumarjo01
79,Ray Allen,1997,2014,1300,35.6,18.9,4.1,3.4,1.1,0.2,.452,.400,.894,145.1,.150,allenra02
80,Chris Webber,1994,2008,831,37.1,20.7,9.8,4.2,1.4,1.4,.479,.299,.649,84.7,.132,webbech01
81,Ed Macauley,1950,1959,641,35.7,17.5,7.5,3.2,,,.436,,.761,100.4,.196,macaued01
82,Alex English,1977,1991,1193,31.9,21.5,5.5,3.6,0.9,0.7,.507,.217,.832,100.7,.127,englial01
83,Adrian Dantley,1977,1991,955,35.8,24.3,5.7,3.0,1.0,0.2,.540,.171,.818,134.2,.189,dantlad01
84,Artis Gilmore,1977,1988,909,32.7,17.1,10.1,2.0,0.5,1.9,.599,.077,.713,107.4,.174,gilmoar01
85,Cliff Hagan,1957,1966,745,29.2,18.0,6.9,3.0,,,.450,,.798,75.1,.166,hagancl01
86,Dwight Howard,2005,2022,1242,31.8,15.7,11.8,1.3,0.9,1.8,.587,.214,.567,141.7,.172,howardw01
87,Tim Hardaway,1990,2003,867,35.3,17.7,3.3,8.2,1.6,0.1,.431,.355,.782,85.0,.133,hardati01
88,Chris Mullin,1986,2001,986,32.6,18.2,4.1,3.5,1.6,0.6,.509,.384,.865,93.1,.139,mullich01
89,Mitch Richmond,1989,2002,976,35.2,21.0,3.9,3.5,1.2,0.3,.455,.388,.850,79.3,.111,richmmi01
90,Sidney Moncrief,1980,1991,767,30.2,15.6,4.7,3.6,1.2,0.3,.502,.284,.831,90.3,.187,moncrsi01
91,Bob Dandridge,1970,1982,839,35.2,18.5,6.8,3.4,1.3,0.6,.484,.167,.780,80.3,.131,dandrbo01
92,Bob Love,1967,1977,789,31.8,17.6,5.9,1.4,0.8,0.2,.429,,.805,50.4,.096,lovebo01
93,Jim Pollard,1949,1955,438,35.4,13.2,7.8,3.2,,,.360,,.750,34.9,.093,pollaji01
94,Spencer Haywood,1971,1983,760,33.7,19.2,9.3,1.8,0.6,1.1,.465,.125,.800,61.4,.115,haywosp01
95,Dikembe Mutombo,1992,2009,1196,30.8,9.8,10.3,1.0,0.4,2.8,.518,.000,.684,117.0,.153,mutomdi01
96,Pau Gasol,2002,2019,1226,33.4,17.0,9.2,3.2,0.5,1.6,.507,.368,.753,144.1,.169,gasolpa01
97,Tracy McGrady,1998,2012,938,32.7,19.6,5.6,4.4,1.2,0.9,.435,.338,.746,97.3,.152,mcgratr01
98,Grant Hill,1995,2013,1026,33.9,16.7,6.0,4.1,1.2,0.6,.483,.314,.769,99.9,.138,hillgr01
99,Vince Carter,1999,2020,1541,30.1,16.7,4.3,3.1,1.0,0.6,.435,.371,.798,125.3,.130,cartevi01
100,Buck Williams,1982,1998,1307,32.5,12.8,10.0,1.3,0.8,0.8,.549,.167,.664,120.1,.136,willibu01
101,Slater Martin,1950,1960,745,35.9,9.8,3.4,4.2,,,.364,,.762,47.5,.087,martisl01
102,Kevin Johnson,1988,2000,735,34.1,17.9,3.3,9.1,1.5,0.2,.493,.305,.841,92.8,.178,johnske02
103,Brad Daugherty,1987,1994,548,36.5,19.0,9.5,3.7,0.8,0.7,.532,.143,.747,65.2,.156,daughbr01
104,Walter Davis,1978,1992,1033,27.9,18.9,3.0,3.8,1.2,0.1,.511,.272,.851,76.9,.128,daviswa03
105,Carmelo Anthony,2004,2022,1260,34.5,22.5,6.2,2.7,1.0,0.5,.447,.355,.814,108.5,.120,anthoca01
106,Dan Issel,1977,1985,718,31.1,20.4,7.9,2.5,1.0,0.6,.506,.253,.797,82.3,.177,isselda01
107,Chris Paul,2006,2023,1181,34.5,18.0,4.5,9.5,2.1,0.2,.472,.369,.870,201.5,.238,paulch01
108,George McGinnis,1976,1982,528,30.7,17.2,9.8,3.8,1.7,0.4,.448,.080,.651,36.2,.107,mcginge01
109,Jamaal Wilkes,1975,1986,828,32.9,17.7,6.2,2.5,1.3,0.3,.499,.135,.759,71.3,.125,wilkeja01
110,Chet Walker,1963,1975,1032,32.4,18.2,7.1,2.1,0.7,0.1,.470,,.796,117.4,.168,walkech01
111,George Yardley,1954,1960,472,33.4,19.2,8.9,1.7,,,.422,,.780,58.5,.178,yardlge01
112,Kevin Porter,1973,1983,659,29.0,11.6,1.8,8.1,1.4,0.1,.483,.188,.737,36.0,.090,porteke01
113,Richie Guerin,1957,1970,848,32.4,17.3,5.0,5.0,,,.416,,.780,69.2,.121,gueriri01
114,Norm Van Lier,1970,1979,746,35.1,11.8,4.8,7.0,1.8,0.2,.414,,.780,47.8,.088,vanlino01
115,Willie Naulls,1957,1966,716,28.8,15.8,9.1,1.6,,,.406,,.812,34.3,.080,naullwi01
116,Zelmo Beaty,1963,1975,570,32.2,16.0,10.4,1.5,0.7,0.4,.469,,.750,58.2,.152,beatyze01
117,Marques Johnson,1978,1990,691,34.3,20.1,7.0,3.6,1.3,0.8,.518,.152,.739,79.8,.162,johnsma01
118,Jo Jo White,1970,1981,837,35.8,17.2,4.0,4.9,1.3,0.2,.444,.167,.834,54.0,.087,whitejo01
119,Jack Sikma,1978,1991,1107,33.4,15.6,9.8,3.2,1.0,0.9,.464,.328,.849,112.5,.146,sikmaja01
120,Tom Chambers,1982,1998,1107,30.6,18.1,6.1,2.1,0.8,0.6,.468,.307,.807,79.0,.112,chambto01
121,Dick McGuire,1950,1960,738,28.3,8.0,4.2,5.7,,,.389,,.644,50.9,.115,mcguidi01
122,Maurice Cheeks,1979,1993,1101,31.6,11.1,2.8,6.7,2.1,0.3,.523,.255,.793,103.5,.143,cheekma01
123,Ben Wallace,1997,2012,1088,29.5,5.7,9.6,1.3,1.3,2.0,.474,.137,.414,93.5,.140,wallabe01
124,Chauncey Billups,1998,2014,1043,31.6,15.2,2.9,5.4,1.0,0.2,.415,.387,.894,120.8,.176,billuch01
125,Bailey Howell,1960,1971,950,32.2,18.7,9.9,2.0,,,.480,,.762,114.8,.180,howelba01
126,Lou Hudson,1967,1979,890,33.5,20.2,4.4,2.7,1.4,0.3,.489,,.797,81.0,.131,hudsolo01
127,Rudy Tomjanovich,1971,1981,768,33.5,17.4,8.1,2.0,0.7,0.3,.501,.262,.784,70.4,.131,tomjaru01
128,Deron Williams,2006,2017,845,34.2,16.3,3.1,8.1,1.0,0.2,.445,.357,.822,77.3,.129,willide01
129,Guy Rodgers,1959,1970,892,32.1,11.7,4.3,7.8,,,.378,,.721,33.3,.056,rodgegu01
130,Anfernee Hardaway,1994,2008,704,33.7,15.2,4.5,5.0,1.6,0.4,.458,.316,.774,61.9,.125,hardaan01
131,Phil Chenier,1972,1981,578,33.1,17.2,3.6,3.0,1.6,0.6,.444,.400,.806,39.3,.099,cheniph01
132,Charlie Scott,1972,1980,560,34.4,17.9,3.6,4.8,1.3,0.3,.444,.182,.772,26.9,.067,scottch01
133,Bob Davies,1949,1955,462,31.3,14.3,2.9,4.9,,,.378,,.759,49.7,.148,daviebo01
134,Harry Gallatin,1949,1958,682,31.9,13.0,11.9,1.8,,,.398,,.773,78.4,.182,gallaha01
135,Maurice Lucas,1977,1988,855,29.0,14.4,8.8,2.3,0.7,0.6,.473,.111,.763,58.7,.114,lucasma01
136,Larry Foust,1951,1962,817,29.2,13.7,9.8,1.7,,,.405,,.741,79.2,.164,foustla01
137,Michael Cooper,1979,1990,873,27.1,8.9,3.2,4.2,1.2,0.6,.469,.340,.833,52.5,.107,coopemi01
138,Paul Silas,1965,1980,1254,27.9,9.4,9.9,2.1,0.6,0.2,.432,,.673,79.9,.110,silaspa01
139,Tony Parker,2002,2019,1254,30.5,15.5,2.7,5.6,0.8,0.1,.491,.324,.751,111.3,.140,parketo01
140,Metta World Peace,2000,2017,991,31.7,13.2,4.5,2.7,1.7,0.5,.414,.339,.715,61.1,.093,artesro01
141,Paul Westphal,1973,1984,823,25.5,15.6,1.9,4.4,1.3,0.3,.504,.275,.820,67.7,.155,westppa01
142,Phil Smith,1975,1983,659,29.1,15.1,3.0,3.9,1.1,0.3,.476,.253,.779,41.1,.103,smithph01
143,Manu Ginóbili,2003,2018,1057,25.4,13.3,3.5,3.8,1.3,0.3,.447,.369,.827,106.4,.190,ginobma01
144,Amar'e Stoudemire,2003,2016,846,31.0,18.9,7.8,1.2,0.8,1.2,.537,.236,.761,92.5,.169,stoudam01
145,Vern Mikkelsen,1950,1959,699,32.5,14.4,9.4,2.2,,,.403,,.766,83.4,.170,mikkeve01
146,Rudy LaRusso,1960,1969,736,33.3,15.6,9.4,2.1,,,.431,,.767,61.4,.120,larusru01
147,Red Kerr,1955,1966,905,30.7,13.8,11.2,2.2,,,.418,,.723,61.8,.107,kerrre01
148,Terry Cummings,1983,2000,1183,28.7,16.4,7.3,1.9,1.1,0.5,.484,.295,.706,91.1,.129,cummite01
149,Gus Williams,1976,1987,825,31.1,17.1,2.7,5.6,2.0,0.4,.461,.238,.756,67.9,.127,willigu01
150,Shawn Kemp,1990,2003,1051,27.9,14.6,8.4,1.6,1.1,1.2,.488,.277,.741,89.5,.147,kempsh01
151,Horace Grant,1988,2004,1165,33.2,11.2,8.1,2.2,1.0,1.0,.509,.063,.692,118.2,.147,grantho01
152,Shawn Marion,2000,2015,1163,34.5,15.2,8.7,1.9,1.5,1.1,.484,.331,.810,124.9,.150,mariosh01
153,Gene Shue,1955,1964,699,33.4,14.4,4.1,3.7,,,.396,,.806,38.9,.080,shuege01
154,Yao Ming,2003,2011,486,32.5,19.0,9.2,1.6,0.4,1.9,.524,.200,.833,65.9,.200,mingya01
155,Mark Price,1987,1998,722,29.9,15.2,2.6,6.7,1.2,0.1,.472,.402,.904,71.1,.158,pricema01
156,Rasheed Wallace,1996,2013,1109,32.7,14.4,6.7,1.8,1.0,1.3,.467,.336,.721,105.1,.139,wallara01
157,Calvin Murphy,1971,1983,1002,30.5,17.9,2.1,4.4,1.5,0.1,.482,.139,.892,84.1,.132,murphca01
158,Bobby Wanzer,1949,1957,568,32.5,12.2,4.5,3.2,,,.393,,.802,63.9,.156,wanzebo01
159,Bobby Jones,1977,1986,774,26.1,11.5,5.5,2.4,1.4,1.3,.550,.000,.780,73.7,.175,jonesbo01
160,Mark Jackson,1988,2004,1296,30.2,9.6,3.8,8.0,1.2,0.1,.447,.332,.770,91.8,.113,jacksma01
161,Otis Birdsong,1978,1989,696,31.1,18.0,3.0,3.2,1.2,0.2,.506,.274,.655,48.2,.107,birdsot01
162,Johnny Green,1960,1973,1057,23.3,11.6,8.6,1.4,,,.493,,.553,58.0,.113,greenjo01
163,John Drew,1975,1985,739,29.5,20.7,6.9,1.7,1.4,0.3,.470,.175,.748,68.9,.152,drewjo01
164,Tom Gola,1956,1966,698,32.3,11.3,8.0,4.2,,,.431,,.760,53.2,.113,golato01
165,Larry Nance,1982,1994,920,33.4,17.1,8.0,2.6,0.9,2.2,.546,.145,.755,109.6,.171,nancela01
166,Randy Smith,1972,1983,976,32.2,16.7,3.7,4.6,1.7,0.1,.470,.155,.781,60.1,.092,smithra01
167,Terry Porter,1986,2002,1274,27.8,12.2,3.0,5.6,1.2,0.1,.463,.386,.836,110.4,.150,portete01
168,Rolando Blackman,1982,1994,980,32.7,18.0,3.3,3.0,0.7,0.3,.493,.343,.840,75.6,.113,blackro01
169,Andy Phillip,1948,1958,701,32.2,9.1,4.4,5.4,,,.368,,.695,60.5,.100,phillan01
170,Clyde Lovellette,1954,1964,704,27.1,17.0,9.5,1.6,,,.443,,.757,70.6,.178,lovelcl01
171,Chris Bosh,2004,2016,893,35.8,19.2,8.5,2.0,0.8,1.0,.494,.335,.799,106.0,.159,boshch01
172,Bill Bradley,1968,1977,742,30.7,12.4,3.2,3.4,0.7,0.2,.448,,.840,38.8,.082,bradlbi01
173,Larry Johnson,1992,2001,707,36.3,16.2,7.5,3.3,0.7,0.4,.484,.332,.766,69.7,.130,johnsla02
174,Jermaine O'Neal,1997,2014,1011,27.1,13.2,7.2,1.4,0.5,1.8,.467,.147,.715,66.0,.116,onealje01
175,Andrew Toney,1981,1988,468,26.9,15.9,2.2,4.2,0.8,0.2,.500,.342,.797,26.9,.103,toneyan01
176,Reggie Theus,1979,1991,1026,33.7,18.5,3.3,6.3,1.2,0.2,.471,.252,.826,66.9,.093,theusre01
177,Elton Brand,2000,2016,1058,33.0,15.9,8.5,2.1,0.9,1.7,.500,.095,.736,109.6,.151,brandel01
178,K.C. Jones,1959,1967,676,25.9,7.4,3.5,4.3,,,.387,,.647,38.6,.106,joneskc01
179,Jerry Sloan,1966,1976,755,34.1,14.0,7.4,2.5,2.2,0.2,.427,,.722,49.5,.092,sloanje01
180,Jamal Mashburn,1994,2004,611,37.3,19.1,5.4,4.0,1.0,0.2,.418,.345,.766,43.7,.092,mashbja01
181,Bob Rule,1968,1975,403,29.4,17.4,8.3,1.5,0.4,0.4,.461,,.686,22.7,.092,rulebo01
182,Derrick Coleman,1991,2005,781,33.2,16.5,9.3,2.5,0.8,1.3,.447,.295,.769,64.3,.119,colemde01
183,Gilbert Arenas,2002,2012,552,35.1,20.7,3.9,5.3,1.6,0.2,.421,.351,.803,51.3,.127,arenagi01
184,Joe Johnson,2002,2022,1277,34.6,16.0,4.0,3.9,0.8,0.2,.441,.371,.802,82.9,.090,johnsjo02
185,Joe Caldwell,1965,1970,468,29.6,15.2,5.1,2.7,,,.459,,.634,23.9,.083,caldwjo01
186,Norm Nixon,1978,1989,768,35.5,15.7,2.6,8.3,1.5,0.1,.483,.294,.772,47.6,.084,nixonno01
187,Mark Aguirre,1982,1994,923,30.0,20.0,5.0,3.1,0.7,0.3,.484,.312,.741,67.8,.117,aguirma01
188,Micheal Ray Richardson,1979,1986,556,33.4,14.8,5.5,7.0,2.6,0.4,.457,.220,.690,35.2,.091,richami01
189,Archie Clark,1967,1976,725,32.5,16.3,3.3,4.8,1.1,0.1,.480,,.769,64.7,.132,clarkar01
190,Jimmy Walker,1968,1976,698,33.8,16.7,2.7,3.5,1.1,0.2,.461,,.829,42.9,.087,walkeji01
191,Doug Collins,1974,1981,415,33.6,17.9,3.2,3.3,1.2,0.3,.501,.000,.833,38.0,.131,collido01
192,Kiki Vandeweghe,1981,1993,810,30.3,19.7,3.4,2.1,0.6,0.3,.525,.368,.872,75.6,.148,vandeki01
193,Larry Kenon,1977,1983,503,30.8,17.0,7.8,2.6,1.3,0.3,.489,.100,.798,36.5,.113,kenonla01
194,Alvin Robertson,1985,1996,779,31.7,14.0,5.2,5.0,2.7,0.4,.477,.295,.743,52.1,.101,roberal01
195,Sam Cassell,1994,2008,993,30.0,15.7,3.2,6.0,1.1,0.2,.454,.331,.861,87.5,.141,cassesa01
196,World B. Free,1976,1988,886,30.4,20.3,2.7,3.7,1.0,0.3,.456,.337,.753,67.7,.121,freewo01
197,Stephon Marbury,1997,2009,846,37.7,19.3,3.0,7.6,1.2,0.1,.433,.325,.784,77.5,.117,marbust01
198,Fat Lever,1983,1994,752,31.7,13.9,6.0,6.2,2.2,0.3,.447,.310,.771,61.2,.123,leverfa01
199,Baron Davis,2000,2012,835,34.2,16.1,3.8,7.2,1.8,0.4,.409,.320,.711,63.1,.106,davisba01
200,Bill Bridges,1963,1975,926,33.3,11.9,11.9,2.8,0.7,0.4,.442,,.693,59.9,.093,bridgbi01
201,Lamar Odom,2000,2013,961,33.4,13.3,8.4,3.7,0.9,0.9,.463,.312,.693,77.0,.115,odomla01
202,Kelly Tripucka,1982,1991,707,29.6,17.2,3.8,3.0,1.0,0.2,.473,.361,.849,44.4,.102,tripuke01
203,Wayne Embry,1959,1969,831,26.2,12.5,9.1,1.4,,,.440,,.640,37.8,.083,embrywa01
204,Mookie Blaylock,1990,2002,889,34.9,13.5,4.1,6.7,2.3,0.3,.409,.336,.736,71.8,.111,blaylmo01
205,Alvan Adams,1976,1988,988,27.5,14.1,7.0,4.1,1.3,0.8,.498,.133,.788,73.5,.130,adamsal01
206,Carlos Boozer,2003,2015,861,31.2,16.2,9.5,2.2,0.9,0.4,.521,.071,.722,80.3,.143,boozeca01
207,Don Ohl,1961,1970,727,30.8,15.9,3.0,3.1,,,.434,,.732,30.2,.065,ohldo01
208,Marcus Camby,1997,2013,973,29.5,9.5,9.8,1.9,1.0,2.4,.466,.205,.670,81.6,.137,cambyma01
209,Rod Strickland,1989,2005,1094,30.7,13.2,3.7,7.3,1.5,0.2,.454,.282,.721,85.8,.122,stricro02
210,Carl Braun,1948,1962,788,29.8,13.5,3.4,3.7,,,.383,,.804,64.3,.119,braunca01
211,Jeff Malone,1984,1996,905,32.8,19.0,2.6,2.4,0.6,0.1,.484,.268,.871,54.2,.088,malonje01
212,Danny Manning,1989,2003,883,27.4,14.0,5.2,2.3,1.1,0.9,.511,.206,.729,55.1,.109,mannida01
213,Charles Oakley,1986,2004,1282,31.4,9.7,9.5,2.5,1.1,0.3,.471,.253,.761,89.7,.107,oaklech01
214,Sidney Wicks,1972,1981,760,33.9,16.8,8.7,3.2,1.0,0.7,.459,.000,.685,42.4,.079,wickssi01
215,John Williamson,1977,1981,288,31.8,20.1,2.5,2.8,1.1,0.2,.449,.293,.833,13.4,.070,willijo01
216,Arnie Risen,1949,1958,637,28.3,12.0,9.7,1.7,,,.381,,.699,56.0,.119,risenar01
217,Cedric Maxwell,1978,1988,835,28.5,12.5,6.3,2.2,0.8,0.5,.546,.053,.784,78.5,.159,maxwece01
218,Darrell Griffith,1981,1991,765,28.0,16.2,3.3,2.1,1.2,0.3,.463,.332,.707,22.0,.049,griffda01
219,Ray Scott,1962,1970,684,31.2,14.9,10.5,2.4,,,.405,,.720,30.8,.069,scottra01
220,Cazzie Russell,1967,1978,817,27.2,15.1,3.8,2.2,0.8,0.1,.464,,.827,51.7,.112,russeca01
221,Dale Ellis,1984,2000,1209,28.8,15.7,3.5,1.4,0.8,0.2,.479,.403,.784,84.7,.117,ellisda01
222,Reggie Lewis,1988,1993,450,32.6,17.6,4.3,2.6,1.3,0.9,.488,.200,.824,38.9,.127,lewisre01
223,Richard Hamilton,2000,2013,921,32.1,17.1,3.1,3.4,0.8,0.1,.449,.346,.852,62.8,.102,hamilri01
224,Michael Redd,2001,2012,629,32.0,19.0,3.8,2.1,0.9,0.1,.447,.380,.838,55.9,.134,reddmi01
225,Peja Stojaković,1999,2011,804,33.5,17.0,4.7,1.8,0.9,0.1,.450,.401,.895,82.6,.147,stojape01
226,Latrell Sprewell,1993,2005,913,38.6,18.3,4.1,4.0,1.4,0.4,.425,.337,.804,56.3,.077,sprewla01
227,Derek Harper,1984,1999,1199,31.5,13.3,2.4,5.5,1.6,0.3,.463,.354,.745,86.8,.110,harpede01
228,Steve Francis,2000,2008,576,37.6,18.1,5.6,6.0,1.5,0.4,.429,.341,.797,54.1,.120,francst01
229,Mickey Johnson,1975,1986,904,27.7,14.1,7.2,3.0,1.1,0.7,.449,.165,.800,58.6,.113,johnsmi01
230,Jason Richardson,2002,2015,857,34.1,17.1,5.0,2.7,1.2,0.4,.438,.370,.707,59.1,.097,richaja01
231,Purvis Short,1979,1990,842,29.2,17.3,4.3,2.5,1.0,0.2,.474,.282,.824,51.1,.100,shortpu01
232,Orlando Woolridge,1982,1994,851,28.3,16.0,4.3,1.9,0.6,0.7,.513,.091,.737,53.0,.106,woolror01
233,Austin Carr,1972,1981,682,28.8,15.4,2.9,2.8,0.8,0.1,.449,.154,.804,32.9,.080,carrau01
234,Max Zaslofsky,1947,1956,540,28.3,14.8,2.8,2.0,,,.343,,.769,48.3,.057,zasloma01
235,Bill Laimbeer,1981,1994,1068,31.8,12.9,9.7,2.0,0.7,0.9,.498,.326,.837,105.6,.149,laimbbi01
236,Antawn Jamison,1999,2014,1083,34.8,18.5,7.5,1.6,1.0,0.4,.451,.346,.724,87.8,.112,jamisan01
237,Clark Kellogg,1983,1987,260,32.7,18.9,9.5,2.9,1.5,0.4,.497,.338,.757,20.9,.118,kellocl01
238,Antoine Walker,1997,2008,893,35.3,17.5,7.7,3.5,1.2,0.5,.414,.325,.633,38.1,.058,walkean02
239,Jim McMillian,1971,1979,631,32.1,13.8,5.3,2.5,1.1,0.2,.482,,.832,46.0,.109,mcmilji01
240,Truck Robinson,1975,1985,772,32.6,15.5,9.4,1.7,0.7,0.7,.483,1.000,.662,52.7,.101,robintr01
241,Jeff Ruland,1982,1993,332,33.4,17.4,10.2,3.0,0.8,0.8,.564,.158,.718,34.3,.149,rulanje01
242,A.C. Green,1986,2001,1278,28.6,9.6,7.4,1.1,0.8,0.4,.494,.254,.734,99.5,.131,greenac01
243,Walter Dukes,1956,1963,553,26.5,10.4,11.3,1.1,,,.369,,.700,24.0,.079,dukeswa01
244,Zydrunas Ilgauskas,1998,2011,843,27.2,13.0,7.3,1.1,0.5,1.6,.476,.310,.780,66.3,.139,ilgauzy01
245,Quinn Buckner,1977,1986,719,22.6,8.2,2.7,4.3,1.9,0.1,.461,.184,.657,24.7,.073,bucknqu01
246,Glenn Robinson,1995,2005,688,36.8,20.7,6.1,2.7,1.2,0.6,.459,.340,.820,39.8,.075,robingl01
247,Bruce Bowen,1997,2009,873,27.6,6.1,2.8,1.2,0.8,0.4,.409,.393,.575,42.9,.086,bowenbr01
248,Detlef Schrempf,1986,2001,1136,29.6,13.9,6.2,3.4,0.8,0.3,.491,.384,.803,109.5,.156,schrede01
249,Terry Dischinger,1963,1973,652,27.4,13.8,5.6,1.8,,,.506,,.758,56.3,.152,dischte01
250,Toni Kukoč,1994,2006,846,26.3,11.6,4.2,3.7,1.0,0.3,.447,.335,.729,59.6,.129,kukocto01
251,Mike Bibby,1999,2012,1001,33.9,14.7,3.1,5.5,1.2,0.1,.436,.379,.802,73.2,.104,bibbymi01
252,Ralph Sampson,1984,1992,456,29.8,15.4,8.8,2.3,0.9,1.6,.486,.172,.661,20.1,.071,sampsra01
253,Frank Ramsey,1955,1964,623,24.6,13.4,5.5,1.8,,,.399,,.804,49.2,.154,ramsefr01
254,Anthony Mason,1990,2003,882,34.7,10.9,8.3,3.4,0.7,0.3,.509,.167,.709,88.3,.138,masonan01
255,Andre Miller,2000,2016,1304,30.9,12.5,3.7,6.5,1.2,0.2,.461,.217,.807,100.8,.120,millean02
256,Happy Hairston,1965,1975,776,31.4,14.8,10.3,1.6,0.8,0.2,.478,,.741,70.0,.138,hairsha01
257,Shareef Abdur-Rahim,1997,2008,830,34.8,18.1,7.5,2.5,1.0,0.8,.472,.297,.810,71.2,.118,abdursh01
258,Doug Christie,1993,2007,827,31.5,11.2,4.1,3.6,1.9,0.5,.426,.354,.821,55.7,.102,chrisdo01
259,Geoff Petrie,1971,1976,446,37.6,21.8,2.8,4.6,1.1,0.1,.455,,.805,26.1,.075,petrige01
260,Rony Seikaly,1989,1999,678,31.6,14.7,9.5,1.3,0.7,1.3,.484,.188,.679,37.3,.084,seikaro01
261,David West,2004,2018,1034,28.2,13.6,6.4,2.2,0.7,0.8,.495,.265,.817,85.9,.141,westda01
262,Eddie Jones,1995,2008,954,34.4,14.8,4.0,2.9,1.7,0.6,.437,.373,.809,100.6,.147,jonesed02
263,Dan Majerle,1989,2002,955,31.6,11.4,4.5,2.9,1.3,0.4,.431,.358,.741,78.5,.125,majerda01
264,John Lucas,1977,1990,928,27.5,10.7,2.3,7.0,1.4,0.1,.449,.303,.776,53.7,.101,lucasjo01
265,Jeff Hornacek,1987,2000,1077,31.5,14.5,3.4,4.9,1.4,0.2,.496,.403,.877,108.9,.154,hornaje01
266,Dan Roundfield,1977,1987,746,31.4,15.2,9.7,2.2,0.9,1.5,.485,.115,.738,65.2,.134,roundda01
267,Caldwell Jones,1977,1990,1068,24.8,6.2,7.2,1.3,0.4,1.4,.473,.065,.753,44.3,.080,jonesca01
268,Brian Winters,1975,1983,650,30.7,16.2,2.6,4.1,1.2,0.3,.475,.363,.842,38.6,.093,wintebr01
269,Otis Thorpe,1985,2001,1257,31.7,14.0,8.2,2.2,0.7,0.4,.546,.047,.687,106.4,.128,thorpot01
270,Jack Marin,1967,1977,849,29.0,14.8,5.2,2.1,0.5,0.2,.465,,.843,59.3,.116,marinja01
271,Terrell Brandon,1992,2002,724,29.8,13.8,3.0,6.1,1.6,0.3,.448,.355,.873,65.9,.147,brandte01
272,Clifford Robinson,1990,2007,1380,30.8,14.2,4.6,2.2,1.0,1.0,.438,.356,.689,89.7,.101,robincl02
273,Zach Randolph,2002,2018,1116,31.0,16.6,9.1,1.8,0.7,0.3,.471,.273,.764,81.1,.112,randoza01
274,Scott Wedman,1975,1987,906,28.6,13.2,4.8,2.0,0.9,0.3,.481,.335,.794,53.7,.099,wedmasc01
275,Bob Boozer,1961,1971,874,29.2,14.8,8.1,1.4,,,.462,,.761,64.2,.121,boozebo01
276,Rik Smits,1989,2000,867,26.6,14.8,6.1,1.4,0.4,1.3,.507,.115,.773,56.6,.118,smitsri01
277,Vlade Divac,1990,2005,1134,29.8,11.8,8.2,3.1,1.1,1.4,.495,.235,.692,96.4,.137,divacvl01
278,Sleepy Floyd,1983,1995,957,27.6,12.8,2.6,5.4,1.2,0.2,.444,.324,.815,50.6,.092,floydsl01
279,Doc Rivers,1984,1996,864,27.3,10.9,3.0,5.7,1.8,0.4,.444,.328,.784,68.2,.139,riverdo01
280,Larry Costello,1955,1968,706,30.0,12.2,3.8,4.6,,,.438,,.841,62.7,.142,costela01
281,Xavier McDaniel,1986,1998,870,29.0,15.6,6.1,2.0,0.9,0.5,.485,.261,.718,47.8,.091,mcdanxa01
282,Eddie Johnson,1978,1987,675,29.6,15.1,2.3,5.1,1.1,0.1,.476,.326,.791,41.0,.098,johnsed02
283,Eddie Johnson,1982,1999,1199,27.2,16.0,4.0,2.1,0.6,0.2,.472,.335,.840,65.6,.097,johnsed03
284,Bill Cartwright,1980,1995,963,28.5,13.2,6.3,1.4,0.5,0.7,.525,.000,.771,72.8,.127,cartwbi01
285,Cliff Robinson,1980,1992,629,30.7,17.2,8.3,2.0,1.0,0.7,.468,.184,.722,30.5,.076,robincl01
286,Kenny Sears,1956,1964,529,28.2,13.9,7.8,1.6,,,.455,,.826,55.8,.179,searske01
287,Michael Finley,1996,2010,1103,34.4,15.7,4.4,2.9,0.9,0.3,.444,.375,.811,85.2,.108,finlemi01
288,Phil Ford,1979,1985,482,28.0,11.6,1.8,6.4,1.2,0.1,.467,.210,.820,23.3,.083,fordph01
289,Jeff Mullins,1965,1976,804,30.6,16.2,4.3,3.8,0.8,0.2,.463,,.814,62.8,.123,mullije01
290,Mel Hutchins,1952,1958,437,37.9,11.1,9.6,3.0,,,.389,,.673,27.9,.081,hutchme01
291,Tom Gugliotta,1993,2005,763,30.9,13.0,7.3,2.8,1.4,0.6,.451,.284,.757,40.2,.082,guglito01
292,Nick Van Exel,1994,2006,880,32.9,14.4,2.9,6.6,0.8,0.1,.405,.357,.794,55.9,.093,vanexni01
293,Lucius Allen,1970,1979,702,28.7,13.4,3.1,4.5,1.5,0.3,.463,,.760,42.0,.100,allenlu01
294,Mike Mitchell,1979,1988,759,32.3,19.8,5.6,1.3,0.7,0.5,.493,.216,.779,50.2,.098,mitchmi01
295,Jerry Stackhouse,1996,2013,970,31.2,16.9,3.2,3.3,0.9,0.5,.409,.309,.822,52.4,.083,stackje01
296,Don Chaney,1969,1980,742,23.5,8.4,3.9,2.1,1.2,0.5,.438,.167,.776,35.5,.098,chanedo01
297,Damon Stoudamire,1996,2008,878,33.2,13.4,3.5,6.1,1.1,0.1,.406,.357,.833,55.4,.091,stoudda01
298,Glen Rice,1990,2004,1000,35.0,18.3,4.4,2.1,1.0,0.3,.456,.400,.846,88.7,.122,ricegl01
299,Kenyon Martin,2001,2015,757,30.6,12.3,6.8,1.9,1.2,1.1,.483,.234,.629,48.0,.100,martike01
300,Calvin Natt,1980,1990,599,31.4,17.2,6.8,2.2,0.9,0.3,.528,.219,.768,57.2,.146,nattca01
301,Swen Nater,1977,1984,489,28.4,12.2,10.8,2.0,0.5,0.5,.537,.250,.760,36.9,.128,natersw01
302,Rashard Lewis,1999,2014,1049,32.0,14.9,5.2,1.7,1.1,0.5,.452,.386,.805,90.9,.130,lewisra02
303,Tom Sanders,1961,1973,916,24.2,9.6,6.3,1.1,,,.428,,.767,56.5,.122,sandeto01
304,Sam Lacey,1971,1983,1002,31.8,10.3,9.7,3.7,1.3,1.5,.441,.188,.738,50.9,.077,laceysa01
305,Fred Brown,1972,1984,963,25.4,14.6,2.7,3.3,1.4,0.2,.478,.373,.858,63.2,.124,brownfr01
306,Elmore Smith,1972,1979,562,31.8,13.4,10.6,1.4,0.8,2.9,.482,,.579,34.7,.093,smithel01
307,Joe Barry Carroll,1981,1991,705,32.4,17.7,7.7,1.8,1.0,1.6,.474,.000,.747,35.6,.075,carrojo01
308,Sam Perkins,1985,2001,1286,28.5,11.9,6.0,1.5,0.9,0.7,.459,.362,.811,105.4,.138,perkisa01
309,Dick Barnett,1960,1974,971,29.8,15.8,2.9,2.8,0.2,0.0,.456,,.761,68.7,.114,barnedi01
310,Sean Elliott,1990,2001,742,33.0,14.2,4.3,2.6,0.8,0.4,.465,.375,.799,55.7,.109,elliose01
311,Dick Van Arsdale,1966,1977,921,34.5,16.4,4.1,3.3,0.9,0.2,.464,,.790,75.2,.114,vanardi01
312,Tom Van Arsdale,1966,1977,929,30.9,15.3,4.2,2.2,0.7,0.1,.431,,.762,36.6,.061,vanarto01
313,Slick Watts,1974,1979,437,26.3,8.9,3.2,6.1,2.2,0.3,.413,,.597,13.8,.058,wattssl01
314,Tom Meschery,1962,1971,778,30.2,12.7,8.6,1.7,,,.441,,.745,43.6,.089,meschto01
315,Theo Ratliff,1996,2011,810,25.3,7.2,5.7,0.6,0.5,2.4,.496,.000,.710,47.9,.112,ratlith01
316,Kenny Anderson,1992,2005,858,30.1,12.6,3.1,6.1,1.5,0.1,.421,.346,.790,62.5,.116,anderke01
317,Wayman Tisdale,1986,1997,840,28.4,15.3,6.1,1.3,0.6,0.6,.505,.000,.760,45.7,.092,tisdawa01
318,Ray Williams,1978,1987,655,28.2,15.5,3.6,5.8,1.8,0.3,.451,.237,.802,37.1,.096,willira01
319,Lionel Hollins,1976,1985,673,27.4,11.6,2.4,4.5,1.6,0.3,.444,.149,.741,22.9,.059,hollili01
320,Danny Ainge,1982,1995,1042,26.6,11.5,2.7,4.0,1.1,0.1,.469,.378,.846,71.5,.124,aingeda01
321,Kenny Smith,1988,1997,737,30.1,12.8,2.0,5.5,1.0,0.1,.480,.399,.829,46.8,.101,smithke01
322,Fred Carter,1970,1977,611,30.0,15.2,3.9,3.5,1.2,0.2,.425,,.693,14.8,.039,cartefr01
323,Gerald Wallace,2002,2015,832,29.7,11.9,5.8,2.1,1.4,0.8,.469,.312,.709,59.7,.116,wallage01
324,Caron Butler,2003,2016,881,32.2,14.1,5.0,2.3,1.3,0.2,.434,.348,.847,50.9,.086,butleca01
325,Allan Houston,1994,2005,839,33.7,17.3,2.9,2.4,0.7,0.2,.444,.402,.863,55.3,.094,houstal01
326,Byron Scott,1984,1997,1073,28.1,14.1,2.8,2.5,1.1,0.3,.482,.370,.833,75.2,.120,scottby01
327,Ron Harper,1987,2001,1009,30.9,13.8,4.3,3.9,1.7,0.7,.446,.289,.720,65.8,.101,harpero01
328,Luke Jackson,1965,1972,522,26.4,9.9,8.8,1.6,,,.415,,.722,22.3,.078,jackslu01
329,Lionel Simmons,1991,1997,454,29.7,12.8,6.2,3.3,1.1,0.8,.433,.305,.771,16.9,.060,simmoli01
330,Greg Ballard,1978,1989,802,27.5,12.4,6.1,2.2,1.1,0.3,.472,.338,.787,54.0,.117,ballagr01
331,Arvydas Sabonis,1996,2003,470,24.2,12.0,7.3,2.1,0.8,1.1,.500,.328,.786,47.3,.200,sabonar01
332,Danny Granger,2006,2015,586,31.5,16.8,4.9,1.9,1.0,0.8,.434,.380,.848,48.5,.126,grangda01
333,Andre Iguodala,2005,2023,1224,32.2,11.4,4.9,4.2,1.4,0.5,.463,.330,.709,100.2,.122,iguodan01
334,Michael Adams,1986,1996,653,31.3,14.7,2.9,6.4,1.7,0.1,.415,.332,.849,46.9,.110,adamsmi01
335,Billy Knight,1977,1985,671,27.4,15.7,4.5,2.1,0.9,0.1,.506,.274,.830,48.5,.126,knighbi01
336,Ben Gordon,2005,2015,744,27.4,14.9,2.5,2.5,0.7,0.2,.432,.401,.857,33.3,.078,gordobe01
337,Jay Vincent,1982,1990,576,27.0,15.2,5.5,2.0,0.7,0.3,.474,.148,.784,27.5,.085,vinceja01
338,Kevin Willis,1985,2007,1424,26.9,12.1,8.4,0.9,0.7,0.5,.487,.211,.713,81.8,.102,willike02
339,Jim Chones,1975,1982,623,30.7,12.3,8.3,1.7,0.5,1.0,.468,.000,.704,37.4,.094,choneji01
340,Vinnie Johnson,1980,1992,984,24.7,12.0,3.2,3.3,0.9,0.3,.464,.254,.740,50.8,.100,johnsvi01
341,Roy Tarpley,1987,1995,280,26.7,12.6,10.0,1.0,1.1,1.2,.483,.176,.744,19.8,.127,tarplro01
342,Vin Baker,1994,2006,791,32.5,15.0,7.4,1.9,0.7,1.0,.485,.215,.638,47.0,.088,bakervi01
343,Darryl Dawkins,1976,1989,726,23.7,12.0,6.1,1.3,0.5,1.4,.572,.133,.685,46.4,.129,dawkida01
344,Jim Jackson,1993,2006,885,32.8,14.3,4.7,3.2,0.8,0.2,.428,.365,.825,35.8,.059,jacksji01
345,Nick Anderson,1990,2002,800,31.2,14.4,5.1,2.6,1.4,0.5,.446,.356,.667,55.3,.106,anderni01
346,Jameer Nelson,2005,2018,878,27.9,11.3,3.0,5.1,0.9,0.1,.436,.368,.810,48.3,.094,nelsoja01
347,Al Jefferson,2005,2018,915,28.7,15.7,8.4,1.5,0.7,1.2,.499,.121,.711,71.0,.130,jeffeal01
348,Rodney McCray,1984,1993,768,32.4,11.7,6.6,3.6,0.8,0.6,.503,.260,.761,56.0,.108,mccraro01
349,Paul Pressey,1983,1993,724,27.2,10.6,3.9,5.1,1.4,0.6,.485,.222,.749,49.0,.120,presspa01
350,Muggsy Bogues,1988,2001,889,28.6,7.7,2.6,7.6,1.5,0.0,.458,.278,.827,54.0,.102,boguemu01
351,Mahmoud Abdul-Rauf,1991,2001,586,26.7,14.6,1.9,3.5,0.8,0.1,.442,.354,.905,25.2,.077,abdulma02
352,Campy Russell,1975,1985,566,29.6,15.8,4.8,3.0,1.0,0.2,.459,.366,.772,35.8,.103,russeca02
353,Monta Ellis,2006,2017,833,34.8,17.8,3.5,4.6,1.7,0.3,.451,.314,.772,41.9,.069,ellismo01
354,Nat Clifton,1951,1958,544,30.0,10.0,8.2,2.5,,,.361,,.633,15.0,.052,cliftna01
355,Robert Horry,1993,2008,1107,24.5,7.0,4.8,2.1,1.0,0.9,.425,.341,.726,66.3,.118,horryro01
356,Steve Smith,1992,2005,942,30.6,14.3,3.2,3.1,0.8,0.3,.440,.358,.845,83.7,.139,smithst01
357,Tayshaun Prince,2003,2016,1017,31.0,11.1,4.3,2.4,0.6,0.5,.455,.367,.756,63.1,.096,princta01
358,Sherman Douglas,1990,2001,765,27.6,11.0,2.2,5.9,1.0,0.1,.484,.267,.678,32.9,.075,douglsh01
359,Walt Hazzard,1965,1974,724,26.5,12.6,3.0,4.9,0.5,0.1,.441,,.757,30.3,.076,abdulma01
360,Chuck Person,1987,2000,943,30.7,14.7,5.1,2.8,0.7,0.2,.458,.362,.723,38.9,.065,persoch01
361,Armen Gilliam,1988,2000,929,28.4,13.7,6.9,1.2,0.7,0.7,.489,.000,.776,58.1,.106,gilliar01
362,John Johnson,1971,1982,869,29.6,12.9,5.5,3.8,0.8,0.4,.446,.000,.779,37.1,.069,johnsjo01
363,Jalen Rose,1995,2007,923,30.3,14.3,3.5,3.8,0.8,0.3,.443,.355,.801,47.2,.081,roseja01
364,Scott Skiles,1987,1996,600,28.0,11.1,2.5,6.5,0.8,0.0,.435,.379,.889,30.4,.087,skilesc01
365,Flynn Robinson,1967,1973,494,23.4,14.5,2.6,3.1,,,.456,,.849,31.3,.130,robinfl01
366,Ricky Sobers,1976,1986,821,28.0,13.3,2.6,4.3,1.3,0.2,.459,.291,.843,32.0,.067,soberri01
367,Mike Bantom,1974,1982,706,27.9,12.1,6.4,2.3,0.9,0.7,.468,.200,.692,34.8,.085,bantomi01
368,Ricky Pierce,1983,1998,969,24.4,14.9,2.4,1.9,0.8,0.2,.493,.322,.875,72.2,.146,piercri01
369,John Shumate,1976,1981,318,28.9,12.3,7.5,1.8,1.0,0.7,.516,.000,.720,24.5,.128,shumajo01
370,Derek Fisher,1997,2014,1287,25.4,8.3,2.1,3.0,1.1,0.1,.399,.374,.817,62.3,.091,fishede01
371,John Starks,1989,2002,866,27.2,12.5,2.5,3.6,1.1,0.1,.412,.340,.769,49.9,.102,starkjo01
372,Antonio McDyess,1996,2011,1015,27.6,12.0,7.5,1.3,0.8,1.1,.497,.117,.670,69.8,.119,mcdyean01
373,Stephen Jackson,2001,2014,858,31.9,15.1,3.9,3.1,1.3,0.4,.414,.333,.798,36.1,.063,jacksst02
374,Larry Drew,1981,1991,714,25.7,11.4,1.8,5.2,1.1,0.1,.467,.291,.798,24.4,.064,drewla01
375,Juwan Howard,1995,2013,1208,30.3,13.4,6.1,2.2,0.7,0.3,.469,.120,.764,59.4,.078,howarju01
376,Richard Jefferson,2002,2018,1181,29.0,12.6,4.0,2.0,0.7,0.3,.464,.376,.768,83.0,.116,jefferi01
377,Vern Fleming,1985,1996,893,27.7,11.3,3.4,4.8,1.0,0.1,.498,.181,.764,52.0,.101,flemive01
378,Steve Stipanovich,1984,1988,403,31.2,13.2,7.8,2.3,1.0,0.9,.484,.179,.796,30.4,.116,stipast01
379,Mark Eaton,1983,1993,875,28.8,6.0,7.9,1.0,0.4,3.5,.458,.000,.649,44.8,.085,eatonma01
380,Jason Terry,2000,2018,1410,29.8,13.4,2.3,3.8,1.1,0.2,.444,.380,.845,102.0,.116,terryja01
381,Johnny Dawkins,1987,1995,541,27.5,11.1,2.5,5.5,1.1,0.1,.456,.330,.857,21.8,.070,dawkijo01
382,Hersey Hawkins,1989,2001,983,32.6,14.7,3.6,2.9,1.7,0.3,.461,.394,.870,90.6,.136,hawkihe01
383,Mychal Thompson,1979,1991,935,29.7,13.7,7.4,2.3,0.7,1.1,.504,.083,.655,59.1,.102,thompmy01
384,Mike Newlin,1972,1982,837,29.4,14.9,3.0,4.0,1.0,0.1,.466,.302,.870,50.4,.098,newlimi01
385,Ray Felix,1954,1962,637,23.8,10.9,8.9,0.7,,,.412,,.678,39.6,.125,felixra01
386,Kevin Loughery,1963,1973,755,29.4,15.3,3.0,3.7,,,.413,,.803,29.8,.064,loughke01
387,Dick Garmaker,1956,1961,421,28.9,13.3,4.2,2.6,,,.403,,.787,25.6,.101,garmadi01
388,Lloyd Neal,1973,1979,435,25.3,11.1,7.7,1.5,0.5,0.9,.485,,.672,22.7,.099,nealll01
389,Lonnie Shelton,1977,1986,673,27.5,12.0,6.1,2.2,1.1,0.8,.492,.097,.738,37.5,.097,sheltlo01
390,Larry Smith,1981,1993,883,25.9,6.7,9.2,1.1,0.8,0.5,.531,.000,.531,46.0,.096,smithla01
391,Pooh Richardson,1990,1999,639,30.4,11.1,2.8,6.5,1.3,0.2,.444,.329,.652,26.7,.066,richapo01
392,Nate McMillan,1987,1998,796,25.7,5.9,4.0,6.1,1.9,0.4,.443,.343,.650,50.2,.118,mcmilna01
393,Corey Maggette,2000,2013,827,28.2,16.0,4.9,2.1,0.7,0.2,.453,.324,.822,62.2,.128,maggeco01
394,Junior Bridgeman,1976,1987,849,25.0,13.6,3.5,2.4,0.8,0.3,.475,.244,.846,45.0,.102,bridgju01
395,M.L. Carr,1977,1985,604,23.5,9.7,4.3,1.8,1.3,0.4,.470,.256,.746,29.0,.098,carrml01
396,Woody Sauldsberry,1958,1966,462,27.7,10.7,7.8,1.1,,,.348,,.610,-10.7,-0.040,sauldwo01
397,Steve Johnson,1982,1991,626,21.8,11.7,5.5,1.2,0.5,0.8,.572,.000,.634,26.9,.095,johnsst03
398,Jim Washington,1966,1976,774,29.3,10.6,8.6,1.4,0.5,0.6,.449,,.705,39.3,.083,washiji01
399,Vernon Maxwell,1989,2001,855,28.4,12.8,2.6,3.4,1.1,0.2,.398,.320,.733,27.4,.054,maxweve01
400,Michael Cage,1985,2000,1140,26.1,7.3,7.6,0.9,0.9,0.6,.515,.000,.664,74.4,.120,cagemi01
401,Quentin Richardson,2001,2013,783,26.5,10.3,4.7,1.5,0.8,0.2,.397,.355,.718,32.8,.076,richaqu01
402,Kermit Washington,1974,1988,507,25.3,9.2,8.3,1.4,0.8,1.1,.526,.000,.656,36.0,.135,washike01
403,Derrick McKey,1988,2002,937,29.1,11.0,4.7,2.4,1.1,0.7,.486,.316,.779,61.8,.109,mckeyde01
404,Keith Van Horn,1998,2006,575,31.6,16.0,6.8,1.6,0.8,0.5,.443,.361,.835,41.7,.110,vanhoke01
405,Cedric Ceballos,1991,2001,609,24.2,14.3,5.3,1.2,0.7,0.3,.500,.309,.753,40.4,.132,cebalce01
406,Michael Brooks,1981,1988,319,29.4,12.8,6.3,2.6,1.2,0.4,.486,.152,.714,16.5,.085,brookmi01
407,Dale Davis,1992,2007,1094,27.1,8.0,7.9,0.9,0.6,1.2,.530,.000,.562,86.9,.141,davisda01
408,Antonio Davis,1994,2006,903,28.9,10.0,7.5,1.1,0.5,1.0,.448,.087,.727,59.6,.110,davisan01
409,Christian Laettner,1993,2005,868,29.7,12.8,6.7,2.6,1.1,0.8,.480,.261,.820,64.9,.121,laettch01
410,Ken Norman,1988,1997,646,29.4,13.5,6.1,2.1,0.8,0.7,.486,.312,.567,27.1,.069,normake01
411,Thurl Bailey,1984,1999,928,26.8,12.8,5.1,1.4,0.5,1.2,.473,.114,.812,45.0,.087,baileth01
412,Mike Woodson,1981,1991,786,25.5,14.0,2.3,2.3,1.2,0.3,.466,.271,.813,34.6,.083,woodsmi01
413,Al Harrington,1999,2014,981,28.6,13.5,5.6,1.7,0.9,0.3,.444,.352,.727,42.5,.073,harrial01
414,Andrew Bogut,2006,2019,706,28.1,9.6,8.7,2.2,0.6,1.5,.535,.120,.557,50.6,.122,bogutan01
415,Kenny Carr,1978,1987,674,25.5,11.6,7.4,1.4,0.7,0.4,.510,.079,.684,33.6,.094,carrke01
416,Don Kojis,1964,1975,814,23.6,12.2,5.6,1.4,0.9,0.2,.446,,.720,35.8,.089,kojisdo01
417,Ron Behagen,1974,1980,388,23.5,10.3,7.0,1.6,0.7,0.4,.425,,.754,13.0,.068,behagro01
418,Luol Deng,2005,2019,902,34.3,14.8,6.1,2.3,1.0,0.5,.456,.332,.769,74.0,.115,denglu01
419,Brian Grant,1995,2006,756,28.3,10.5,7.4,1.2,0.6,0.7,.490,.214,.746,54.5,.122,grantbr01
420,James Edwards,1978,1996,1168,24.3,12.7,5.1,1.3,0.4,0.7,.495,.048,.698,59.7,.101,edwarja01
421,Tyrone Hill,1991,2004,801,28.0,9.4,8.6,0.8,0.8,0.5,.502,.000,.643,56.2,.120,hillty01
422,Jerome Kersey,1985,2001,1153,24.4,10.3,5.5,1.9,1.2,0.7,.465,.201,.690,69.5,.119,kerseje01
423,Hot Rod Williams,1987,1999,887,29.7,11.0,6.8,1.8,0.8,1.6,.480,.105,.726,70.5,.129,williho01
424,Ernie DiGregorio,1974,1978,312,25.2,9.6,2.0,5.1,0.6,0.0,.415,,.902,2.5,.016,digreer01
425,Johnny Davis,1977,1986,750,28.3,12.9,2.0,4.5,0.9,0.2,.448,.176,.821,38.5,.087,davisjo01
426,Bucky Bockhorn,1959,1965,474,31.2,11.5,4.7,3.5,,,.403,,.748,7.9,.026,bockhbu01
427,Don Nelson,1963,1976,1053,20.6,10.3,4.9,1.4,0.3,0.1,.480,,.765,74.6,.165,nelsodo01
428,Troy Murphy,2002,2013,729,27.3,10.8,7.8,1.5,0.7,0.4,.445,.388,.785,50.3,.121,murphtr01
429,Al Attles,1961,1971,711,25.1,8.9,3.5,3.5,,,.451,,.632,36.5,.098,attleal01
430,Curtis Rowe,1972,1979,590,31.0,11.6,7.2,1.6,0.5,0.5,.482,,.701,34.1,.090,rowecu01
431,Mike Miller,2001,2017,1032,26.9,10.6,4.2,2.6,0.6,0.2,.459,.407,.769,60.7,.105,millemi01
432,Eddie Miles,1964,1972,605,25.9,13.4,3.1,2.0,,,.440,,.747,24.4,.075,milesed01
433,Roy Hinson,1984,1991,507,30.7,14.2,6.8,1.0,0.6,1.7,.499,.000,.741,30.2,.093,hinsoro01
434,Herm Gilliam,1970,1977,578,26.0,10.8,3.8,3.8,1.3,0.2,.441,,.792,20.8,.066,gillihe01
435,Adrian Smith,1962,1971,719,25.5,11.8,2.2,2.4,,,.429,,.836,31.7,.083,smithad01
436,Rex Chapman,1989,2000,666,29.3,14.6,2.5,2.7,0.9,0.2,.430,.350,.800,24.7,.061,chapmre01
437,Andrei Kirilenko,2002,2015,797,30.0,11.8,5.5,2.7,1.4,1.8,.474,.310,.754,75.4,.151,kirilan01
438,Dave Greenwood,1980,1991,823,28.4,10.2,7.9,2.0,0.7,0.9,.477,.138,.765,46.4,.095,greenda01
439,B.J. Armstrong,1990,2000,747,23.8,9.8,1.8,3.3,0.7,0.1,.477,.425,.856,45.0,.121,armstbj01
440,Jamal Crawford,2001,2020,1327,29.4,14.6,2.2,3.4,0.9,0.2,.410,.348,.862,60.7,.075,crawfja01
441,Quintin Dailey,1983,1992,528,23.0,14.1,2.5,2.3,0.9,0.1,.454,.158,.779,12.7,.050,dailequ01
442,Jim Paxson,1980,1990,784,27.2,14.3,2.0,2.9,1.2,0.1,.498,.225,.807,53.7,.121,paxsoji02
443,Spud Webb,1986,1998,814,24.9,9.9,2.1,5.3,1.1,0.1,.452,.314,.848,40.2,.095,webbsp01
444,Shane Battier,2002,2014,977,30.7,8.6,4.2,1.8,1.0,0.9,.437,.384,.743,75.7,.121,battish01
445,Albert King,1982,1992,534,24.0,12.1,4.2,2.2,0.8,0.4,.461,.268,.791,16.3,.061,kingal01
446,Gerald Wilkins,1986,1999,900,29.0,13.0,2.9,3.0,1.0,0.2,.450,.316,.745,33.9,.062,wilkige01
447,Sam Bowie,1985,1995,511,27.6,10.9,7.5,2.1,0.5,1.8,.452,.302,.748,26.9,.091,bowiesa01
448,Charles Smith,1989,1997,564,29.0,14.4,5.8,1.4,0.8,1.4,.475,.194,.774,40.9,.120,smithch01
449,Josh Howard,2004,2013,507,30.3,14.3,5.7,1.6,1.0,0.5,.448,.332,.770,38.0,.119,howarjo01
450,Dell Curry,1987,2002,1083,21.7,11.7,2.4,1.8,0.9,0.2,.457,.402,.843,41.5,.085,curryde01
451,Zaid Abdul-Aziz,1969,1978,505,21.8,9.0,8.0,1.2,0.6,1.0,.428,,.728,17.5,.076,abdulza01
452,Emeka Okafor,2005,2018,616,30.9,12.0,9.7,0.8,0.7,1.6,.512,.000,.586,45.3,.114,okafoem01
453,Kelvin Ransey,1981,1986,474,24.4,11.4,1.9,5.2,1.0,0.1,.454,.132,.782,17.9,.074,ranseke01
454,Hedo Türkoğlu,2001,2015,997,26.8,11.1,4.0,2.8,0.8,0.3,.426,.384,.784,63.3,.114,turkohe01
455,Kevin Martin,2005,2016,714,30.2,17.4,3.2,1.9,0.9,0.1,.437,.384,.870,61.3,.137,martike02
456,Eric Money,1975,1980,426,25.4,12.2,2.1,3.8,1.2,0.1,.494,,.748,14.8,.065,moneyer01
457,Jason Williams,1999,2011,788,29.4,10.5,2.3,5.9,1.2,0.1,.398,.327,.813,38.5,.080,willija02
458,David Lee,2006,2017,829,29.3,13.5,8.8,2.2,0.8,0.4,.535,.034,.772,76.0,.150,leeda02
459,Kerry Kittles,1997,2005,507,33.4,14.1,3.9,2.6,1.6,0.4,.439,.378,.780,44.8,.127,kittlke01
460,Kendall Gill,1991,2005,966,30.5,13.4,4.1,3.0,1.6,0.4,.434,.300,.754,47.8,.078,gillke01
461,Devin Harris,2005,2019,985,24.3,10.8,2.2,3.9,1.0,0.2,.432,.325,.796,54.9,.110,harride01
462,Wally Szczerbiak,2000,2009,651,30.8,14.1,4.0,2.4,0.6,0.2,.485,.406,.860,53.3,.127,szczewa02
463,Grant Long,1989,2003,1003,28.4,9.5,6.1,1.7,1.2,0.4,.467,.283,.761,60.1,.101,longgr01
464,Billy Owens,1992,2001,600,29.4,11.7,6.7,2.8,0.9,0.5,.481,.291,.629,28.6,.078,owensbi01
465,LaPhonso Ellis,1993,2003,624,28.2,11.9,6.5,1.6,0.7,0.8,.452,.302,.730,32.8,.089,ellisla01
466,Jay Humphries,1985,1995,788,29.3,11.1,2.5,5.5,1.5,0.1,.476,.297,.782,45.0,.094,humphja01
467,Tree Rollins,1978,1995,1156,20.8,5.4,5.8,0.6,0.4,2.2,.522,.000,.700,63.9,.128,rollitr01
468,Don Buse,1977,1985,648,26.3,6.9,2.3,4.5,1.8,0.1,.442,.333,.780,34.9,.098,busedo01
469,Wali Jones,1965,1976,607,23.8,10.1,2.3,3.2,0.4,0.0,.409,,.800,14.9,.049,joneswa02
470,Larry Hughes,1999,2012,727,30.8,14.1,4.2,3.1,1.5,0.4,.406,.309,.757,32.3,.069,hughela01
471,Marvin Webster,1977,1987,579,22.4,7.1,7.0,1.2,0.4,1.4,.489,.333,.617,28.1,.104,webstma01
472,Jon McGlocklin,1966,1976,792,26.4,11.6,2.4,2.9,0.5,0.1,.489,,.845,47.1,.108,mcglojo01
473,Clem Haskins,1968,1976,681,25.9,12.8,3.1,3.5,0.6,0.1,.449,,.792,35.8,.097,haskicl01
474,Gar Heard,1971,1981,787,24.9,8.7,7.5,1.6,1.3,1.3,.414,.000,.654,27.0,.066,heardga01
475,Terry Catledge,1986,1993,515,26.3,12.7,6.4,0.9,0.6,0.2,.485,.094,.654,20.9,.074,catlete01
476,Phil Hubbard,1980,1989,665,23.9,10.9,5.3,1.3,0.9,0.1,.495,.038,.706,29.0,.088,hubbaph01
477,Bob Kauffman,1969,1975,525,25.8,11.5,7.0,2.7,0.4,0.1,.477,,.749,31.5,.111,kauffbo01
478,Loy Vaught,1991,2001,689,24.7,10.1,7.1,0.9,0.7,0.3,.504,.244,.718,35.8,.101,vaughlo01
479,Dana Barros,1990,2004,850,22.9,10.5,1.9,3.3,0.9,0.1,.460,.411,.858,49.6,.122,barroda01
480,Mitch Kupchak,1977,1986,510,19.4,10.2,5.4,0.7,0.3,0.3,.523,.000,.704,27.1,.131,kupchmi01
481,Elden Campbell,1991,2005,1044,24.7,10.3,5.9,1.1,0.7,1.5,.460,.054,.699,62.8,.117,campbel01
482,Robert Reid,1978,1991,919,27.3,11.4,4.5,2.7,1.1,0.4,.458,.291,.732,40.3,.077,reidro01
483,Clyde Lee,1967,1976,742,26.8,7.7,10.3,1.1,0.4,0.3,.432,,.614,33.5,.081,leecl01
484,John Long,1979,1997,893,25.4,13.6,2.8,1.9,1.0,0.2,.467,.322,.862,32.0,.068,longjo01
485,Clifford Ray,1972,1981,784,25.4,7.4,8.9,2.2,0.8,1.0,.524,.000,.588,56.7,.136,raycl01
486,Manute Bol,1986,1995,624,18.7,2.6,4.2,0.3,0.2,3.3,.407,.210,.561,12.3,.051,bolma01
487,Joe Graboski,1949,1962,845,30.5,11.0,8.1,1.8,,,.352,,.700,25.3,.051,grabojo01
488,Avery Johnson,1989,2004,1054,25.3,8.4,1.7,5.5,1.0,0.1,.479,.145,.706,56.5,.102,johnsav01
489,Gene Banks,1982,1987,468,27.9,11.3,5.8,2.9,0.9,0.2,.539,.043,.730,31.2,.115,banksge01
490,Šarūnas Marčiulionis,1990,1997,363,22.4,12.8,2.3,2.2,1.3,0.1,.505,.369,.768,20.0,.118,marcisa01
491,Reggie Williams,1988,1997,599,26.7,12.5,4.0,2.5,1.3,0.7,.437,.298,.784,26.0,.078,willire01
492,Antoine Carr,1985,2000,987,20.0,9.3,3.4,1.1,0.4,0.9,.503,.130,.780,42.1,.102,carran01
493,Joe Smith,1996,2011,1030,26.2,10.9,6.4,1.0,0.6,0.8,.455,.238,.790,60.3,.107,smithjo02
494,P.J. Brown,1994,2008,1089,31.1,9.1,7.7,1.5,0.8,1.0,.460,.136,.794,89.8,.128,brownpj01
495,Drew Gooden,2003,2016,790,25.5,11.0,7.1,1.1,0.7,0.6,.462,.257,.760,43.9,.105,goodedr01
496,Kevin Duckworth,1987,1997,684,25.5,11.8,5.8,0.9,0.5,0.5,.468,.208,.736,24.7,.068,duckwke01
497,Chris Kaman,2004,2016,735,26.7,11.2,7.6,1.3,0.4,1.3,.489,.042,.743,24.6,.060,kamanch01
498,Cuttino Mobley,1999,2009,747,37.0,16.0,3.9,2.7,1.2,0.4,.433,.378,.835,52.2,.091,moblecu01
499,David Wesley,1994,2007,949,31.9,12.5,2.5,4.4,1.3,0.2,.424,.368,.786,61.3,.097,wesleda01
500,Pervis Ellison,1990,2001,474,24.5,9.5,6.7,1.5,0.6,1.6,.510,.050,.689,21.8,.090,ellispe01